algorithm,scenario_type,fixed_value,seed,highway_length,min_trip_length,capacity_min,capacity_max,num_av,num_pv,runtime_sec,baseline_total_distance,greedy_total_distance,total_saving,matched_pv,matched_ratio,avg_saving_per_pv,saving_percent
hungarian,capacity_sweep,2,42,100,10,1,2,50,200,0.3908757909666747,7957,5970,1987,69,0.345,28.797101449275363,24.97172301118512
hungarian,capacity_sweep,2,43,100,10,1,2,50,200,0.4291925420984626,7749,5889,1860,73,0.365,25.47945205479452,24.00309717382888
hungarian,capacity_sweep,4,42,100,10,1,4,50,200,0.48567437496967614,7957,4810,3147,112,0.56,28.098214285714285,39.550081689078795
hungarian,capacity_sweep,4,43,100,10,1,4,50,200,0.5349778751842678,7749,4711,3038,118,0.59,25.74576271186441,39.205058717253834
hungarian,capacity_sweep,8,42,100,10,1,8,50,200,1.7388036248739809,7957,3018,4939,193,0.965,25.590673575129532,62.071132336307656
hungarian,capacity_sweep,8,43,100,10,1,8,50,200,2.4482868330087513,7749,2705,5044,200,1.0,25.22,65.09226997031875
hungarian,capacity_sweep,16,42,100,10,1,16,50,200,6.565899541135877,7957,1829,6128,200,1.0,30.64,77.01394998114867
hungarian,capacity_sweep,16,43,100,10,1,16,50,200,8.398548958823085,7749,1796,5953,200,1.0,29.765,76.8228158472061
