num_av,num_pv,runtime_sec,baseline_total_distance,greedy_total_distance,total_saving,matched_pv,matched_ratio,avg_saving_per_pv
5,20,3.3541000448167324e-05,718,565,153,9,0.45,17.0
10,50,0.00013470801059156656,2154,1844,310,16,0.32,19.375
20,100,0.00036091706715524197,3761,2786,975,35,0.35,27.857142857142858
50,200,0.0018251660512760282,8019,5075,2944,99,0.495,29.737373737373737
80,400,0.007016332936473191,15289,10964,4325,155,0.3875,27.903225806451612
160,800,0.030475999927148223,30075,20704,9371,316,0.395,29.65506329113924
320,1600,0.12274191703181714,61811,41946,19865,626,0.39125,31.733226837060702
500,2000,0.24362291698344052,82167,49736,32431,995,0.4975,32.59396984924623
