capacity_max,runtime_sec_greedy,runtime_sec_hungarian,runtime_sec_relative,total_saving_greedy,total_saving_hungarian,total_saving_relative,matched_ratio_greedy,matched_ratio_hungarian,matched_ratio_relative,avg_saving_per_pv_greedy,avg_saving_per_pv_hungarian,avg_saving_per_pv_relative,saving_percent_greedy,saving_percent_hungarian,saving_percent_relative
2,0.23071266699116671,0.020003416750114376,1153.3662967345194,1945.75,1973.5,98.59386876108437,0.32375,0.35,92.5,29.99952769732681,28.14746486390322,106.579856631418,24.495167616836696,24.847396236815882,98.58243247452505
4,0.32109511474118335,0.03578977076540463,897.1700792550555,2709.25,2724.75,99.4311404716029,0.47625,0.52875,90.0709219858156,28.302270956493945,25.68314741696627,110.1978293275593,34.035162418896505,34.24666432542895,99.38241603759522
8,0.42680811473837815,0.07606144773308182,561.1359334575802,3555.5,3625.0,98.08275862068966,0.6387499999999999,0.72,88.71527777777777,27.72484588489497,25.066738741906764,110.60412034591624,44.71070391194502,45.57938983962467,98.09412558892033
16,0.45497815625276417,0.16333629124710564,278.55301034382126,4091.0,4158.75,98.37090471896603,0.73375,0.78375,93.62041467304626,27.76639055754905,26.407261891032107,105.14679890753271,51.42347560248982,52.26373618022955,98.39226844624709
