capacity_max,runtime_sec_greedy,runtime_sec_hungarian,runtime_sec_relative,total_saving_greedy,total_saving_hungarian,total_saving_relative,matched_ratio_greedy,matched_ratio_hungarian,matched_ratio_relative,avg_saving_per_pv_greedy,avg_saving_per_pv_hungarian,avg_saving_per_pv_relative,saving_percent_greedy,saving_percent_hungarian,saving_percent_relative
2,0.2528099303308408,0.034445833667026166,733.9347126118397,2004.0,2002.6666666666667,100.06657789613848,0.35333333333333333,0.3333333333333333,106.0,28.41388611388611,30.074242589363553,94.47914117689312,25.507698660550393,25.490941926437873,100.06573603345406
4,0.42043572232554044,0.10822302799594276,388.4900747198668,3213.0,3213.0,100.0,0.5566666666666666,0.5466666666666667,101.82926829268291,28.884813621721122,29.407562798582216,98.22239884195267,40.9027297911546,40.901331746062894,100.00341809186162
8,0.5747080553264823,0.4705298059949807,122.14062701324661,5135.0,5195.0,98.84504331087585,0.8666666666666667,0.9166666666666666,94.54545454545456,29.623732372152887,28.35382364036849,104.47879181267241,65.39007532945199,66.15469114394018,98.84420015985785
16,0.5634363056742586,0.8497085556640135,66.30936006451712,6118.333333333333,5753.666666666667,106.3379873703725,0.9933333333333333,1.0,99.33333333333333,30.797424242424242,28.76833333333333,107.0532098108716,77.89740957409344,73.24737087590601,106.34840355712618
