capacity_max,runtime_sec_greedy,runtime_sec_hungarian,runtime_sec_relative,total_saving_greedy,total_saving_hungarian,total_saving_relative,matched_ratio_greedy,matched_ratio_hungarian,matched_ratio_relative,avg_saving_per_pv_greedy,avg_saving_per_pv_hungarian,avg_saving_per_pv_relative,saving_percent_greedy,saving_percent_hungarian,saving_percent_relative
2,0.0017509917262941003,0.4045697335619479,0.43280344055346587,2140.6,2146.6,99.7204882139197,0.364,0.364,100.0,29.425357356901316,29.50649796900334,99.72500765022245,26.330152830873025,26.40109517037579,99.7312901641203
4,0.00181499975733454,0.49072445002384485,0.36986128513595506,3400.2,3422.2,99.35713868271871,0.585,0.5860000000000001,99.82935153583617,29.125551523879643,29.257950906075212,99.54747554734574,41.85152889075148,42.114960412654206,99.37449419559807
8,0.00175990858115248,1.7257242669817061,0.10198086767537681,5277.4,5424.0,97.29719764011799,0.8870000000000001,0.9719999999999999,91.25514403292183,29.768816143002198,27.926319072567804,106.59770829677402,64.98287804723792,66.78349083113258,97.30380553414368
16,0.0016119334381073402,7.477901633596048,0.021555959373220288,6216.4,6295.0,98.75138999205718,0.9869999999999999,1.0,98.69999999999999,31.49295010580704,31.475,100.05702972456565,76.61823532989202,77.59070797638428,98.7466635221472
32,0.00171770816668862,33.50763849159703,0.005126318188968713,6441.6,6480.8,99.39513640291322,0.9960000000000001,1.0,99.60000000000001,32.336132785137806,32.404,99.79055914435811,79.42868238530725,79.9209425782255,99.38406608200793
