capacity_max,runtime_sec_greedy,runtime_sec_hungarian,runtime_sec_relative,total_saving_greedy,total_saving_hungarian,total_saving_relative,matched_ratio_greedy,matched_ratio_hungarian,matched_ratio_relative,avg_saving_per_pv_greedy,avg_saving_per_pv_hungarian,avg_saving_per_pv_relative,saving_percent_greedy,saving_percent_hungarian,saving_percent_relative
2,0.20822443065602173,29.836707249996834,0.6978800606626718,1834.3333333333333,1855.3333333333333,98.86812791951132,0.3116666666666667,0.32666666666666666,95.40816326530613,29.443814707546853,28.382050083312354,103.74097227338336,23.758841432427847,24.030254109418735,98.8705376324568
4,0.2917915416668014,63.94720348566383,0.45630070708599074,2486.3333333333335,2532.3333333333335,98.1834934842701,0.4583333333333333,0.465,98.56630824372759,27.1137197658913,27.196621953554985,99.69517468821951,32.192116300857094,32.78663454300591,98.18670549620153
8,0.41468220833242714,192.02978805533107,0.215946813529233,3300.6666666666665,3316.0,99.53759549658223,0.6183333333333333,0.63,98.14814814814814,26.68074689414568,26.28872945557268,101.49119963836786,42.74849535413236,42.95593316095648,99.51709160630536
16,0.4250048886606237,802.5782397639947,0.05295494789213325,3784.6666666666665,3780.0,100.12345679012344,0.7050000000000001,0.7066666666666667,99.76415094339623,26.838927247463772,26.741331931983325,100.36496056265516,49.005018301562906,48.934336535824706,100.14444206408409
