highway_length,runtime_sec_greedy,runtime_sec_hungarian,runtime_sec_relative,total_saving_greedy,total_saving_hungarian,total_saving_relative,matched_ratio_greedy,matched_ratio_hungarian,matched_ratio_relative,avg_saving_per_pv_greedy,avg_saving_per_pv_hungarian,avg_saving_per_pv_relative,saving_percent_greedy,saving_percent_hungarian,saving_percent_relative
50,1.9825969689991325,0.07376862474484365,2687.5883559666254,2995.5,3016.75,99.29559956907268,0.38875000000000004,0.395625,98.26224328593997,19.280087415280654,19.084864210542623,101.02292163352249,31.36146947351305,31.58361752506226,99.2966351895158
100,1.5926549065043218,0.11127440624841253,1431.2859175800302,4594.0,4655.5,98.67898184942541,0.36,0.39125,92.01277955271566,31.932005962781076,29.7342169555501,107.39144740389992,29.77438538451527,30.176696380143458,98.6668156429048
200,1.4607171352618025,0.13825473950419104,1056.540369248985,7422.75,7473.5,99.32093396668228,0.34875,0.38375000000000004,90.87947882736157,53.235918275405474,48.718869426751596,109.27166188748534,26.870301851512778,27.05421607732775,99.32020123854522
400,1.385550458508078,0.15398473974346413,899.7972531670222,10741.75,10783.5,99.612834422961,0.32375,0.34375,94.18181818181817,82.981917614374,78.46126247852867,105.76163955695006,21.15053607418658,21.231889923569838,99.61683180500599
800,0.9297343855068902,0.11596285449923015,801.7518967792075,13673.0,13715.0,99.69376594969012,0.23375,0.244375,95.65217391304348,146.12636894808665,140.27719994423416,104.16972181236707,13.827854489574111,13.876766986098684,99.64752239067232
1600,0.5249819375021616,0.0946775627453462,554.494562681343,14385.0,14480.75,99.33877734233378,0.135625,0.1375,98.63636363636363,265.2557893228976,263.69727214749537,100.59102514133346,7.4171906118530035,7.466049739453994,99.34558261321517
