highway_length,runtime_sec_greedy,runtime_sec_hungarian,runtime_sec_relative,total_saving_greedy,total_saving_hungarian,total_saving_relative,matched_ratio_greedy,matched_ratio_hungarian,matched_ratio_relative,avg_saving_per_pv_greedy,avg_saving_per_pv_hungarian,avg_saving_per_pv_relative,saving_percent_greedy,saving_percent_hungarian,saving_percent_relative
50,0.022889033379033162,30.647924233227968,0.07468379654311874,6369.6,6371.8,99.96547286481058,0.40099999999999997,0.40099999999999997,100.0,19.854278902583154,19.861143622751275,99.96543643055752,33.190292087378296,33.20187428678575,99.96511582657229
100,0.02250821641646322,30.282262766594066,0.07432805332266386,10273.0,10277.2,99.9591328377379,0.40075000000000005,0.40075000000000005,100.0,32.03248832887708,32.0454450860272,99.95956755440488,33.17947820240081,33.19304670219311,99.95912246346641
200,0.022796600172296122,29.429518366837875,0.07746168281837756,17552.0,17567.0,99.91461262594638,0.39775,0.39775,100.0,55.09711635437659,55.14388259120923,99.91519233932198,32.106109821414385,32.13353689207973,99.91464658634541
400,0.02564954175613816,28.905216933600606,0.08873672117756046,33655.6,33694.0,99.88603312162402,0.39449999999999996,0.39475,99.93666877770741,106.53098471170252,106.57913978053921,99.95481754784674,33.03589077365875,33.07361640965471,99.88593434860982
800,0.02393750865012404,28.96962042497471,0.08262969379290698,63694.2,63778.6,99.86766721125895,0.39575,0.39575,100.0,201.04126446789843,201.30663673471088,99.86817510285955,32.35094202818452,32.39372713616858,99.86792162629446
1600,0.02489249180071052,29.07017365838401,0.08562897522812486,124956.0,125150.4,99.84466689678979,0.39425,0.3945,99.93662864385297,395.3781761243564,395.7251957094811,99.9123079377085,32.06879553921988,32.119076023675305,99.84345600596242
3200,0.02496712473221118,28.890706091979517,0.08641922649008021,258205.2,258654.0,99.8264863485583,0.396,0.396,100.0,814.7569932895121,816.16468525751,99.82752353864053,33.08118153703659,33.13881424990193,99.82608697936286
