highway_length,runtime_sec_greedy,runtime_sec_hungarian,runtime_sec_relative,total_saving_greedy,total_saving_hungarian,total_saving_relative,matched_ratio_greedy,matched_ratio_hungarian,matched_ratio_relative,avg_saving_per_pv_greedy,avg_saving_per_pv_hungarian,avg_saving_per_pv_relative,saving_percent_greedy,saving_percent_hungarian,saving_percent_relative
50,1.7959731390001252,14.345521819331529,12.519399165946924,2965.0,2958.3333333333335,100.22535211267605,0.3875,0.38916666666666666,99.57173447537474,19.152643092985674,19.016016718447712,100.71848051335282,31.16311871830726,31.093281761805503,100.22460464944405
100,1.4488504166705145,20.28927430566303,7.140967167397008,4419.666666666667,4482.666666666667,98.59458655562166,0.3491666666666666,0.3658333333333334,95.44419134396352,31.71188905440874,30.64449879798345,103.48313824109772,28.933801399668425,29.34609558073147,98.59506291074118
200,1.4139661806596753,21.916327361327905,6.451656599885737,7238.333333333333,7301.333333333333,99.1371439006574,0.34500000000000003,0.3516666666666666,98.10426540284361,52.518261404244335,51.943824077713316,101.10588185743043,26.114335176096116,26.344657421337786,99.12573452158418
400,1.2604973340009262,26.411767583005712,4.772483818205245,10277.0,10303.0,99.7476463166068,0.30916666666666665,0.3133333333333333,98.67021276595746,83.12328244274809,82.22983937738036,101.08651928804994,20.158302572076476,20.2089757120457,99.74925428833575
800,0.8585408610039545,18.487564680331463,4.643882933468995,12844.0,12538.333333333334,102.43785723780405,0.22166666666666668,0.2275,97.43589743589743,144.9586153875723,138.38653819747233,104.74907261624094,13.126311277208435,12.816980983840631,102.41344115090598
