highway_length,runtime_sec_greedy,runtime_sec_hungarian,runtime_sec_relative,total_saving_greedy,total_saving_hungarian,total_saving_relative,matched_ratio_greedy,matched_ratio_hungarian,matched_ratio_relative,avg_saving_per_pv_greedy,avg_saving_per_pv_hungarian,avg_saving_per_pv_relative,saving_percent_greedy,saving_percent_hungarian,saving_percent_relative
50,1.8446463473374024,0.28748043066783185,641.6597968258897,3209.0,3189.3333333333335,100.61663879598662,0.4008333333333334,0.38916666666666666,102.99785867237689,20.0258088054717,20.4978417245788,97.69715794740922,33.76728240562982,33.56308001710378,100.60841373444266
100,1.9104940696658257,0.3269202083465643,584.391549035272,5186.0,5164.666666666667,100.41306312120821,0.38916666666666666,0.37000000000000005,105.18018018018016,33.21614825020492,34.77679179934082,95.51239930888194,33.17785013608916,33.04274743801252,100.40887247142535
200,2.0001801803300623,0.3437456249957904,581.878003641372,8631.333333333334,8627.333333333334,100.04636426860367,0.3725,0.3575,104.19580419580421,57.75972370445834,60.19895208923435,95.94805507384865,32.304114402346784,32.29033056434522,100.04268720003995
400,2.2102995419991203,0.39750908300629817,556.0374936046682,18052.666666666668,18014.666666666668,100.21093923469766,0.3625,0.3575,101.3986013986014,123.43319886864192,124.80146028502305,98.90364951399104,34.91765232327753,34.84438128019838,100.2102807981865
800,2.0623521253388994,0.38831211101690616,531.106825367368,32527.333333333332,32494.0,100.10258304097167,0.33499999999999996,0.33166666666666667,101.00502512562812,241.75851352286261,243.85865071383753,99.13878913672848,32.438486364621895,32.405183256255064,100.10277093051279
