highway_length,runtime_sec_greedy,runtime_sec_hungarian,runtime_sec_relative,total_saving_greedy,total_saving_hungarian,total_saving_relative,matched_ratio_greedy,matched_ratio_hungarian,matched_ratio_relative,avg_saving_per_pv_greedy,avg_saving_per_pv_hungarian,avg_saving_per_pv_relative,saving_percent_greedy,saving_percent_hungarian,saving_percent_relative
50,1.8559452776777714,0.0820915136719122,2260.8247730639514,2965.0,2983.0,99.39658062353335,0.3875,0.395,98.10126582278481,19.152643092985674,18.909797983029577,101.28422900220318,31.16311871830726,31.352345796011235,99.39645001705726
100,1.4790025000014186,0.09956593066453927,1485.4503846145137,4419.666666666667,4500.333333333333,98.20754018220875,0.3491666666666666,0.38166666666666665,91.48471615720524,31.71188905440874,29.48490832168585,107.5529511858274,28.933801399668425,29.461800677185305,98.2078513010722
200,1.4182849866726126,0.1171289026679005,1210.8753299720765,7238.333333333333,7267.0,99.60552268244575,0.34500000000000003,0.38083333333333336,90.59080962800876,52.518261404244335,47.77590233545647,109.92625745818381,26.114335176096116,26.2170779812074,99.60810733680951
400,1.2682658473495394,0.12140744433660677,1044.6359811620973,10277.0,10344.333333333334,99.34908001160055,0.30916666666666665,0.33,93.68686868686868,83.12328244274809,78.42237594539752,105.99434337544635,20.158302572076476,20.289968539577544,99.35107850342774
800,0.8675069996679667,0.10766208334825929,805.7683565919893,12844.0,12890.0,99.64313421256789,0.22166666666666668,0.2333333333333333,95.00000000000001,144.9586153875723,138.41764797369356,104.72552995202018,13.126311277208435,13.181668728766775,99.58004215780714
